system_id,system_name,description,business_unit,business_owner,technical_owner,risk_owner,model_type,ai_type,vendor_or_internal,provider,deployment_status,lifecycle_stage,business_purpose,customer_facing,decision_impact,autonomy_level,financial_impact,personal_data,sensitive_data,data_classification,external_data,jurisdiction,regulatory_scope,explainability_requirement,human_oversight_required,validation_status,risk_rating,residual_risk,last_assessment_date,next_revalidation_date,monitoring_frequency,open_findings,exceptions,retirement_date
AI-001,AI Loan Application Decision Support,Decision support for retail lending affordability and credit assessment,Retail Lending,Aisha Patel,Daniel Weber,Elena Rossi,Gradient boosting,Predictive AI,internal,Internal,Live,MONITORING,Support consistent responsible lending decisions,true,HIGH,MEDIUM,HIGH,true,true,Confidential,false,EU,Consumer credit and AI regulation,HIGH,true,VALIDATED,CRITICAL,HIGH,2026-06-30,2026-12-31,Monthly,1,0,
AI-002,AML Investigation Assistant,Prioritises transaction-monitoring alerts for investigator review,Financial Crime,Marcus Hill,Sofia Laurent,Noah Fischer,Ensemble classifier,Predictive AI,internal,Internal,Pilot,VALIDATION,Improve alert prioritisation,false,HIGH,MEDIUM,HIGH,true,true,Restricted,true,EU,AML and sanctions,HIGH,true,IN PROGRESS,HIGH,MODERATE,2026-07-15,2027-07-15,Monthly,0,0,
AI-003,Generative AI Customer-Service Chatbot,Answers routine customer questions with grounded content and escalation,Customer Operations,Lina Moreau,Oliver Stein,Grace Okafor,Large language model,Generative AI,vendor,SyntheticCloud AI,Pre-production,PRE-PRODUCTION,Reduce handling time for routine enquiries,true,MEDIUM,MEDIUM,MEDIUM,true,false,Confidential,true,EU,Consumer protection and privacy,HIGH,true,VALIDATED,HIGH,MODERATE,2026-08-01,2027-08-01,Monthly,1,1,
AI-004,Internal Document Summarisation Assistant,Summarises internal policies for staff,Operations,Hannah Green,Theo Martin,Ibrahim Khan,Large language model,Generative AI,vendor,SyntheticCloud AI,Live,PRODUCTION,Improve policy navigation,false,LOW,LOW,LOW,false,false,Internal,true,EU,Internal policy,MEDIUM,false,OWNER TESTED,MODERATE,LOW,2026-05-01,2027-05-01,Quarterly,0,0,
AI-005,Developer Coding Assistant,Suggests code in approved development environments,Technology,Maya Singh,Lucas Bauer,Amira Diallo,Large language model,Generative AI,vendor,SyntheticCode,Live,PRODUCTION,Improve developer productivity,false,LOW,LOW,LOW,false,false,Internal,true,EU,Technology risk,LOW,false,OWNER TESTED,LOW,LOW,2026-04-10,2028-04-10,Annual,0,1,
AI-006,Marketing Translation Assistant,Translates reviewed campaign content,Marketing,Clara Jensen,Jonas Klein,Peter Novak,Neural translation,Generative AI,vendor,SyntheticTranslate,Live,PRODUCTION,Accelerate multilingual campaign preparation,false,LOW,LOW,LOW,false,false,Public,true,EU,Advertising standards,MEDIUM,true,OWNER TESTED,LOW,LOW,2026-03-12,2028-03-12,Annual,0,0,
AI-007,Fraud Detection Model,Scores card transactions for fraud intervention,Payments,Samuel Reed,Nina Hoffmann,Rachel Mensah,Gradient boosting,Predictive AI,internal,Internal,Live,MONITORING,Prevent payment fraud,true,HIGH,HIGH,HIGH,true,true,Restricted,true,EU,Payment services and fraud,HIGH,true,VALIDATED,CRITICAL,MODERATE,2026-07-01,2027-01-01,Daily,2,0,
AI-008,Credit Portfolio Early-Warning Model,Identifies emerging portfolio credit deterioration,Wholesale Risk,Victor Chen,Emma Vogel,Laura Costa,Time-series ensemble,Predictive AI,internal,Internal,Live,MONITORING,Support portfolio risk management,false,MEDIUM,LOW,HIGH,true,false,Confidential,true,EU,Prudential risk management,HIGH,true,VALIDATED,HIGH,MODERATE,2026-01-15,2027-01-15,Monthly,0,0,
AI-009,HR Candidate Screening Assistant,Ranks applications for recruiter review,People,Olivia Brown,Felix Müller,Sarah Adeyemi,Ranking model,Predictive AI,vendor,SyntheticTalent,Assessment,ASSESSMENT,Support candidate shortlisting,false,HIGH,MEDIUM,MEDIUM,true,true,Restricted,true,EU,Employment and AI regulation,HIGH,true,NOT STARTED,HIGH,HIGH,2026-08-20,2027-08-20,Monthly,2,0,
